Site,Parameter,Date (LT),Year,Month,Day,Hour,NowCast Conc.,AQI,AQI Category,Raw Conc.,Conc. Unit,Duration,QC Name
Banja Luka,PM2.5 - Principal,2023-12-01 01:00 AM,2023,12,01,01,5.6,23,Good,5.7,UG/M3,1 Hr,Valid
Banja Luka,PM2.5 - Principal,2023-12-01 02:00 AM,2023,12,01,02,5.7,24,Good,5.8,UG/M3,1 Hr,Valid
Banja Luka,PM2.5 - Principal,2023-12-01 03:00 AM,2023,12,01,03,5.5,23,Good,5.4,UG/M3,1 Hr,Valid
Banja Luka,PM2.5 - Principal,2023-12-01 04:00 AM,2023,12,01,04,5.5,23,Good,5.6,UG/M3,1 Hr,Valid
Banja Luka,PM2.5 - Principal,2023-12-01 05:00 AM,2023,12,01,05,5.9,25,Good,6.4,UG/M3,1 Hr,Valid
Banja Luka,PM2.5 - Principal,2023-12-01 06:00 AM,2023,12,01,06,5.9,25,Good,6.0,UG/M3,1 Hr,Valid
Banja Luka,PM2.5 - Principal,2023-12-01 07:00 AM,2023,12,01,07,6.2,26,Good,6.5,UG/M3,1 Hr,Valid
Banja Luka,PM2.5 - Principal,2023-12-01 08:00 AM,2023,12,01,08,6.6,28,Good,6.9,UG/M3,1 Hr,Valid
Banja Luka,PM2.5 - Principal,2023-12-01 09:00 AM,2023,12,01,09,6.5,27,Good,6.7,UG/M3,1 Hr,Valid
Banja Luka,PM2.5 - Principal,2023-12-01 10:00 AM,2023,12,01,10,6.5,27,Good,6.7,UG/M3,1 Hr,Valid
Banja Luka,PM2.5 - Principal,2023-12-01 11:00 AM,2023,12,01,11,6.6,28,Good,6.9,UG/M3,1 Hr,Valid
Banja Luka,PM2.5 - Principal,2023-12-01 12:00 PM,2023,12,01,12,6.9,29,Good,7.5,UG/M3,1 Hr,Valid
Banja Luka,PM2.5 - Principal,2023-12-01 01:00 PM,2023,12,01,13,7.4,31,Good,8.3,UG/M3,1 Hr,Valid
Banja Luka,PM2.5 - Principal,2023-12-01 02:00 PM,2023,12,01,14,7.9,33,Good,8.6,UG/M3,1 Hr,Valid
Banja Luka,PM2.5 - Principal,2023-12-01 03:00 PM,2023,12,01,15,8.0,33,Good,8.4,UG/M3,1 Hr,Valid
Banja Luka,PM2.5 - Principal,2023-12-01 04:00 PM,2023,12,01,16,8.4,35,Good,9.1,UG/M3,1 Hr,Valid
Banja Luka,PM2.5 - Principal,2023-12-01 05:00 PM,2023,12,01,17,8.6,36,Good,8.9,UG/M3,1 Hr,Valid
Banja Luka,PM2.5 - Principal,2023-12-01 06:00 PM,2023,12,01,18,8.8,37,Good,9.3,UG/M3,1 Hr,Valid
Banja Luka,PM2.5 - Principal,2023-12-01 07:00 PM,2023,12,01,19,9.1,38,Good,9.7,UG/M3,1 Hr,Valid
Banja Luka,PM2.5 - Principal,2023-12-01 08:00 PM,2023,12,01,20,9.1,38,Good,9.2,UG/M3,1 Hr,Valid
Banja Luka,PM2.5 - Principal,2023-12-01 09:00 PM,2023,12,01,21,9.3,39,Good,9.6,UG/M3,1 Hr,Valid
Banja Luka,PM2.5 - Principal,2023-12-01 10:00 PM,2023,12,01,22,9.3,39,Good,9.4,UG/M3,1 Hr,Valid
Banja Luka,PM2.5 - Principal,2023-12-01 11:00 PM,2023,12,01,23,9.3,39,Good,9.3,UG/M3,1 Hr,Valid
Banja Luka,PM2.5 - Principal,2023-12-02 12:00 AM,2023,12,02,00,9.5,40,Good,10.4,UG/M3,1 Hr,Valid
Banja Luka,PM2.5 - Principal,2023-12-02 01:00 AM,2023,12,02,01,9.7,40,Good,10.4,UG/M3,1 Hr,Valid
Banja Luka,PM2.5 - Principal,2023-12-02 02:00 AM,2023,12,02,02,10.1,42,Good,11.0,UG/M3,1 Hr,Valid
Banja Luka,PM2.5 - Principal,2023-12-02 03:00 AM,2023,12,02,03,10.3,43,Good,11.2,UG/M3,1 Hr,Valid
Banja Luka,PM2.5 - Principal,2023-12-02 04:00 AM,2023,12,02,04,11.5,48,Good,13.4,UG/M3,1 Hr,Valid
Banja Luka,PM2.5 - Principal,2023-12-02 05:00 AM,2023,12,02,05,12.0,50,Good,13.1,UG/M3,1 Hr,Valid
Banja Luka,PM2.5 - Principal,2023-12-02 06:00 AM,2023,12,02,06,12.5,52,Moderate,13.6,UG/M3,1 Hr,Valid
Banja Luka,PM2.5 - Principal,2023-12-02 07:00 AM,2023,12,02,07,13.6,54,Moderate,14.9,UG/M3,1 Hr,Valid
Banja Luka,PM2.5 - Principal,2023-12-02 08:00 AM,2023,12,02,08,15.7,59,Moderate,17.8,UG/M3,1 Hr,Valid
Banja Luka,PM2.5 - Principal,2023-12-02 09:00 AM,2023,12,02,09,18.7,65,Moderate,21.5,UG/M3,1 Hr,Valid
Banja Luka,PM2.5 - Principal,2023-12-02 10:00 AM,2023,12,02,10,20.7,69,Moderate,22.8,UG/M3,1 Hr,Valid
Banja Luka,PM2.5 - Principal,2023-12-02 11:00 AM,2023,12,02,11,22.8,74,Moderate,24.9,UG/M3,1 Hr,Valid
Banja Luka,PM2.5 - Principal,2023-12-02 12:00 PM,2023,12,02,12,24.1,76,Moderate,25.3,UG/M3,1 Hr,Valid
Banja Luka,PM2.5 - Principal,2023-12-02 01:00 PM,2023,12,02,13,25.5,79,Moderate,26.9,UG/M3,1 Hr,Valid
Banja Luka,PM2.5 - Principal,2023-12-02 02:00 PM,2023,12,02,14,24.3,77,Moderate,23.1,UG/M3,1 Hr,Valid
Banja Luka,PM2.5 - Principal,2023-12-02 03:00 PM,2023,12,02,15,21.2,70,Moderate,18.1,UG/M3,1 Hr,Valid
Banja Luka,PM2.5 - Principal,2023-12-02 04:00 PM,2023,12,02,16,19.7,67,Moderate,18.2,UG/M3,1 Hr,Valid
Banja Luka,PM2.5 - Principal,2023-12-02 05:00 PM,2023,12,02,17,19.5,67,Moderate,19.3,UG/M3,1 Hr,Valid
Banja Luka,PM2.5 - Principal,2023-12-02 06:00 PM,2023,12,02,18,32.1,93,Moderate,44.6,UG/M3,1 Hr,Valid
Banja Luka,PM2.5 - Principal,2023-12-02 07:00 PM,2023,12,02,19,39.9,112,Unhealthy for Sensitive Groups,47.8,UG/M3,1 Hr,Valid
Banja Luka,PM2.5 - Principal,2023-12-02 08:00 PM,2023,12,02,20,30.1,89,Moderate,20.2,UG/M3,1 Hr,Valid
Banja Luka,PM2.5 - Principal,2023-12-02 09:00 PM,2023,12,02,21,24.4,77,Moderate,18.8,UG/M3,1 Hr,Valid
Banja Luka,PM2.5 - Principal,2023-12-02 10:00 PM,2023,12,02,22,22.3,72,Moderate,20.2,UG/M3,1 Hr,Valid
Banja Luka,PM2.5 - Principal,2023-12-02 11:00 PM,2023,12,02,23,18.1,64,Moderate,13.9,UG/M3,1 Hr,Valid
Banja Luka,PM2.5 - Principal,2023-12-03 12:00 AM,2023,12,03,00,14.9,57,Moderate,11.8,UG/M3,1 Hr,Valid
Banja Luka,PM2.5 - Principal,2023-12-03 01:00 AM,2023,12,03,01,13.5,54,Moderate,12.1,UG/M3,1 Hr,Valid
Banja Luka,PM2.5 - Principal,2023-12-03 02:00 AM,2023,12,03,02,11.5,48,Good,9.4,UG/M3,1 Hr,Valid
Banja Luka,PM2.5 - Principal,2023-12-03 03:00 AM,2023,12,03,03,11.4,48,Good,11.4,UG/M3,1 Hr,Valid
Banja Luka,PM2.5 - Principal,2023-12-03 04:00 AM,2023,12,03,04,9.7,40,Good,8.0,UG/M3,1 Hr,Valid
Banja Luka,PM2.5 - Principal,2023-12-03 05:00 AM,2023,12,03,05,9.6,40,Good,9.5,UG/M3,1 Hr,Valid
Banja Luka,PM2.5 - Principal,2023-12-03 06:00 AM,2023,12,03,06,8.9,37,Good,8.3,UG/M3,1 Hr,Valid
Banja Luka,PM2.5 - Principal,2023-12-03 07:00 AM,2023,12,03,07,8.7,36,Good,8.5,UG/M3,1 Hr,Valid
Banja Luka,PM2.5 - Principal,2023-12-03 08:00 AM,2023,12,03,08,26.0,80,Moderate,43.4,UG/M3,1 Hr,Valid
Banja Luka,PM2.5 - Principal,2023-12-03 09:00 AM,2023,12,03,09,22.7,73,Moderate,19.3,UG/M3,1 Hr,Valid
Banja Luka,PM2.5 - Principal,2023-12-03 10:00 AM,2023,12,03,10,18.2,64,Moderate,13.7,UG/M3,1 Hr,Valid
Banja Luka,PM2.5 - Principal,2023-12-03 11:00 AM,2023,12,03,11,17.2,62,Moderate,16.2,UG/M3,1 Hr,Valid
Banja Luka,PM2.5 - Principal,2023-12-03 12:00 PM,2023,12,03,12,20.5,69,Moderate,23.8,UG/M3,1 Hr,Valid
Banja Luka,PM2.5 - Principal,2023-12-03 01:00 PM,2023,12,03,13,23.7,75,Moderate,26.8,UG/M3,1 Hr,Valid
Banja Luka,PM2.5 - Principal,2023-12-03 02:00 PM,2023,12,03,14,19.6,67,Moderate,15.5,UG/M3,1 Hr,Valid
Banja Luka,PM2.5 - Principal,2023-12-03 03:00 PM,2023,12,03,15,19.9,67,Moderate,20.2,UG/M3,1 Hr,Valid
Banja Luka,PM2.5 - Principal,2023-12-03 04:00 PM,2023,12,03,16,18.0,63,Moderate,16.0,UG/M3,1 Hr,Valid
Banja Luka,PM2.5 - Principal,2023-12-03 05:00 PM,2023,12,03,17,17.7,63,Moderate,17.5,UG/M3,1 Hr,Valid
Banja Luka,PM2.5 - Principal,2023-12-03 06:00 PM,2023,12,03,18,19.0,66,Moderate,20.3,UG/M3,1 Hr,Valid
Banja Luka,PM2.5 - Principal,2023-12-03 07:00 PM,2023,12,03,19,20.3,68,Moderate,21.5,UG/M3,1 Hr,Valid
Banja Luka,PM2.5 - Principal,2023-12-03 08:00 PM,2023,12,03,20,120.2,184,Unhealthy,220.2,UG/M3,1 Hr,Valid
Banja Luka,PM2.5 - Principal,2023-12-03 09:00 PM,2023,12,03,21,134.7,192,Unhealthy,149.0,UG/M3,1 Hr,Valid
Banja Luka,PM2.5 - Principal,2023-12-03 10:00 PM,2023,12,03,22,141.9,196,Unhealthy,149.0,UG/M3,1 Hr,Valid
Banja Luka,PM2.5 - Principal,2023-12-03 11:00 PM,2023,12,03,23,169.7,220,Very Unhealthy,197.4,UG/M3,1 Hr,Valid
Banja Luka,PM2.5 - Principal,2023-12-04 12:00 AM,2023,12,04,00,183.5,234,Very Unhealthy,197.4,UG/M3,1 Hr,Valid
Banja Luka,PM2.5 - Principal,2023-12-04 01:00 AM,2023,12,04,01,159.8,210,Very Unhealthy,136.0,UG/M3,1 Hr,Valid
Banja Luka,PM2.5 - Principal,2023-12-04 02:00 AM,2023,12,04,02,147.9,199,Unhealthy,136.0,UG/M3,1 Hr,Valid
Banja Luka,PM2.5 - Principal,2023-12-04 03:00 AM,2023,12,04,03,117.1,183,Unhealthy,86.3,UG/M3,1 Hr,Valid
Banja Luka,PM2.5 - Principal,2023-12-04 04:00 AM,2023,12,04,04,95.7,172,Unhealthy,74.2,UG/M3,1 Hr,Valid
Banja Luka,PM2.5 - Principal,2023-12-04 05:00 AM,2023,12,04,05,76.5,162,Unhealthy,57.4,UG/M3,1 Hr,Valid
Banja Luka,PM2.5 - Principal,2023-12-04 06:00 AM,2023,12,04,06,67.0,157,Unhealthy,57.4,UG/M3,1 Hr,Valid
Banja Luka,PM2.5 - Principal,2023-12-04 07:00 AM,2023,12,04,07,52.0,142,Unhealthy for Sensitive Groups,37.0,UG/M3,1 Hr,Valid
Banja Luka,PM2.5 - Principal,2023-12-04 08:00 AM,2023,12,04,08,47.3,130,Unhealthy for Sensitive Groups,42.7,UG/M3,1 Hr,Valid
Banja Luka,PM2.5 - Principal,2023-12-04 09:00 AM,2023,12,04,09,62.0,154,Unhealthy,76.6,UG/M3,1 Hr,Valid
Banja Luka,PM2.5 - Principal,2023-12-04 10:00 AM,2023,12,04,10,43.1,120,Unhealthy for Sensitive Groups,24.3,UG/M3,1 Hr,Valid
Banja Luka,PM2.5 - Principal,2023-12-04 11:00 AM,2023,12,04,11,33.7,96,Moderate,24.3,UG/M3,1 Hr,Valid
Banja Luka,PM2.5 - Principal,2023-12-04 12:00 PM,2023,12,04,12,39.9,112,Unhealthy for Sensitive Groups,46.2,UG/M3,1 Hr,Valid
Banja Luka,PM2.5 - Principal,2023-12-04 01:00 PM,2023,12,04,13,53.8,146,Unhealthy for Sensitive Groups,67.7,UG/M3,1 Hr,Valid
Banja Luka,PM2.5 - Principal,2023-12-04 02:00 PM,2023,12,04,14,53.5,145,Unhealthy for Sensitive Groups,53.3,UG/M3,1 Hr,Valid
Banja Luka,PM2.5 - Principal,2023-12-04 03:00 PM,2023,12,04,15,51.3,140,Unhealthy for Sensitive Groups,49.1,UG/M3,1 Hr,Valid
Banja Luka,PM2.5 - Principal,2023-12-04 04:00 PM,2023,12,04,16,50.5,138,Unhealthy for Sensitive Groups,49.7,UG/M3,1 Hr,Valid
Banja Luka,PM2.5 - Principal,2023-12-04 05:00 PM,2023,12,04,17,71.3,159,Unhealthy,92.2,UG/M3,1 Hr,Valid
Banja Luka,PM2.5 - Principal,2023-12-04 06:00 PM,2023,12,04,18,64.9,156,Unhealthy,58.5,UG/M3,1 Hr,Valid
Banja Luka,PM2.5 - Principal,2023-12-04 07:00 PM,2023,12,04,19,88.3,168,Unhealthy,111.6,UG/M3,1 Hr,Valid
Banja Luka,PM2.5 - Principal,2023-12-04 08:00 PM,2023,12,04,20,87.4,167,Unhealthy,86.6,UG/M3,1 Hr,Valid
Banja Luka,PM2.5 - Principal,2023-12-04 09:00 PM,2023,12,04,21,87.0,167,Unhealthy,86.6,UG/M3,1 Hr,Valid
Banja Luka,PM2.5 - Principal,2023-12-04 10:00 PM,2023,12,04,22,79.0,163,Unhealthy,70.9,UG/M3,1 Hr,Valid
Banja Luka,PM2.5 - Principal,2023-12-04 11:00 PM,2023,12,04,23,77.3,162,Unhealthy,75.6,UG/M3,1 Hr,Valid
Banja Luka,PM2.5 - Principal,2023-12-05 12:00 AM,2023,12,05,00,79.1,163,Unhealthy,81.0,UG/M3,1 Hr,Valid
Banja Luka,PM2.5 - Principal,2023-12-05 01:00 AM,2023,12,05,01,80.0,164,Unhealthy,81.0,UG/M3,1 Hr,Valid
Banja Luka,PM2.5 - Principal,2023-12-05 02:00 AM,2023,12,05,02,87.4,167,Unhealthy,94.7,UG/M3,1 Hr,Valid
Banja Luka,PM2.5 - Principal,2023-12-05 03:00 AM,2023,12,05,03,91.1,169,Unhealthy,94.7,UG/M3,1 Hr,Valid
Banja Luka,PM2.5 - Principal,2023-12-05 04:00 AM,2023,12,05,04,94.5,171,Unhealthy,98.8,UG/M3,1 Hr,Valid
Banja Luka,PM2.5 - Principal,2023-12-05 05:00 AM,2023,12,05,05,116.5,182,Unhealthy,138.2,UG/M3,1 Hr,Valid
Banja Luka,PM2.5 - Principal,2023-12-05 06:00 AM,2023,12,05,06,115.2,182,Unhealthy,114.4,UG/M3,1 Hr,Valid
Banja Luka,PM2.5 - Principal,2023-12-05 07:00 AM,2023,12,05,07,114.1,181,Unhealthy,112.9,UG/M3,1 Hr,Valid
Banja Luka,PM2.5 - Principal,2023-12-05 08:00 AM,2023,12,05,08,114.1,181,Unhealthy,107.6,UG/M3,1 Hr,Invalid
Banja Luka,PM2.5 - Principal,2023-12-05 09:00 AM,2023,12,05,09,-999.0,-999,N/A,107.6,UG/M3,1 Hr,Invalid
Banja Luka,PM2.5 - Principal,2023-12-05 10:00 AM,2023,12,05,10,-999.0,-999,N/A,107.6,UG/M3,1 Hr,Invalid
Banja Luka,PM2.5 - Principal,2023-12-05 11:00 AM,2023,12,05,11,-999.0,-999,N/A,107.6,UG/M3,1 Hr,Invalid
Banja Luka,PM2.5 - Principal,2023-12-05 12:00 PM,2023,12,05,12,-999.0,-999,N/A,107.6,UG/M3,1 Hr,Invalid
Banja Luka,PM2.5 - Principal,2023-12-05 01:00 PM,2023,12,05,13,-999.0,-999,N/A,107.6,UG/M3,1 Hr,Invalid
Banja Luka,PM2.5 - Principal,2023-12-05 02:00 PM,2023,12,05,14,-999.0,-999,N/A,154.8,UG/M3,1 Hr,Valid
Banja Luka,PM2.5 - Principal,2023-12-05 03:00 PM,2023,12,05,15,153.4,204,Very Unhealthy,154.8,UG/M3,1 Hr,Valid
Banja Luka,PM2.5 - Principal,2023-12-05 04:00 PM,2023,12,05,16,151.4,202,Very Unhealthy,149.6,UG/M3,1 Hr,Invalid
Banja Luka,PM2.5 - Principal,2023-12-05 05:00 PM,2023,12,05,17,-999.0,-999,N/A,149.6,UG/M3,1 Hr,Invalid
Banja Luka,PM2.5 - Principal,2023-12-05 06:00 PM,2023,12,05,18,-999.0,-999,N/A,149.6,UG/M3,1 Hr,Invalid
Banja Luka,PM2.5 - Principal,2023-12-05 07:00 PM,2023,12,05,19,-999.0,-999,N/A,149.6,UG/M3,1 Hr,Invalid
Banja Luka,PM2.5 - Principal,2023-12-05 08:00 PM,2023,12,05,20,-999.0,-999,N/A,96.5,UG/M3,1 Hr,Valid
Banja Luka,PM2.5 - Principal,2023-12-05 09:00 PM,2023,12,05,21,99.7,174,Unhealthy,96.5,UG/M3,1 Hr,Valid
Banja Luka,PM2.5 - Principal,2023-12-05 10:00 PM,2023,12,05,22,120.1,184,Unhealthy,141.9,UG/M3,1 Hr,Valid
Banja Luka,PM2.5 - Principal,2023-12-05 11:00 PM,2023,12,05,23,128.6,189,Unhealthy,139.7,UG/M3,1 Hr,Valid
Banja Luka,PM2.5 - Principal,2023-12-06 12:00 AM,2023,12,06,00,104.5,176,Unhealthy,78.5,UG/M3,1 Hr,Valid
Banja Luka,PM2.5 - Principal,2023-12-06 01:00 AM,2023,12,06,01,91.5,170,Unhealthy,78.5,UG/M3,1 Hr,Valid
Banja Luka,PM2.5 - Principal,2023-12-06 02:00 AM,2023,12,06,02,61.5,154,Unhealthy,32.4,UG/M3,1 Hr,Valid
Banja Luka,PM2.5 - Principal,2023-12-06 03:00 AM,2023,12,06,03,43.0,119,Unhealthy for Sensitive Groups,24.7,UG/M3,1 Hr,Valid
Banja Luka,PM2.5 - Principal,2023-12-06 04:00 AM,2023,12,06,04,33.8,97,Moderate,24.7,UG/M3,1 Hr,Valid
Banja Luka,PM2.5 - Principal,2023-12-06 05:00 AM,2023,12,06,05,29.2,87,Moderate,24.7,UG/M3,1 Hr,Valid
Banja Luka,PM2.5 - Principal,2023-12-06 06:00 AM,2023,12,06,06,23.5,75,Moderate,17.8,UG/M3,1 Hr,Valid
Banja Luka,PM2.5 - Principal,2023-12-06 07:00 AM,2023,12,06,07,22.6,73,Moderate,21.6,UG/M3,1 Hr,Valid
Banja Luka,PM2.5 - Principal,2023-12-06 08:00 AM,2023,12,06,08,24.4,77,Moderate,26.2,UG/M3,1 Hr,Valid
Banja Luka,PM2.5 - Principal,2023-12-06 09:00 AM,2023,12,06,09,25.2,79,Moderate,26.2,UG/M3,1 Hr,Valid
Banja Luka,PM2.5 - Principal,2023-12-06 10:00 AM,2023,12,06,10,23.0,74,Moderate,20.8,UG/M3,1 Hr,Valid
Banja Luka,PM2.5 - Principal,2023-12-06 11:00 AM,2023,12,06,11,22.6,73,Moderate,22.2,UG/M3,1 Hr,Valid
Banja Luka,PM2.5 - Principal,2023-12-06 12:00 PM,2023,12,06,12,22.4,73,Moderate,22.2,UG/M3,1 Hr,Valid
Banja Luka,PM2.5 - Principal,2023-12-06 01:00 PM,2023,12,06,13,22.3,72,Moderate,22.2,UG/M3,1 Hr,Valid
Banja Luka,PM2.5 - Principal,2023-12-06 02:00 PM,2023,12,06,14,21.9,72,Moderate,20.7,UG/M3,1 Hr,Valid
Banja Luka,PM2.5 - Principal,2023-12-06 03:00 PM,2023,12,06,15,21.5,71,Moderate,20.7,UG/M3,1 Hr,Valid
Banja Luka,PM2.5 - Principal,2023-12-06 04:00 PM,2023,12,06,16,21.2,70,Moderate,20.7,UG/M3,1 Hr,Valid
Banja Luka,PM2.5 - Principal,2023-12-06 05:00 PM,2023,12,06,17,22.4,73,Moderate,24.7,UG/M3,1 Hr,Valid
Banja Luka,PM2.5 - Principal,2023-12-06 06:00 PM,2023,12,06,18,22.8,74,Moderate,24.7,UG/M3,1 Hr,Valid
Banja Luka,PM2.5 - Principal,2023-12-06 07:00 PM,2023,12,06,19,23.3,75,Moderate,24.7,UG/M3,1 Hr,Valid
Banja Luka,PM2.5 - Principal,2023-12-06 08:00 PM,2023,12,06,20,24.5,77,Moderate,27.7,UG/M3,1 Hr,Valid
Banja Luka,PM2.5 - Principal,2023-12-06 09:00 PM,2023,12,06,21,25.4,79,Moderate,27.7,UG/M3,1 Hr,Valid
Banja Luka,PM2.5 - Principal,2023-12-06 10:00 PM,2023,12,06,22,25.8,80,Moderate,26.8,UG/M3,1 Hr,Valid
Banja Luka,PM2.5 - Principal,2023-12-06 11:00 PM,2023,12,06,23,24.5,77,Moderate,20.8,UG/M3,1 Hr,Valid
Banja Luka,PM2.5 - Principal,2023-12-07 12:00 AM,2023,12,07,00,24.3,77,Moderate,23.8,UG/M3,1 Hr,Valid
Banja Luka,PM2.5 - Principal,2023-12-07 01:00 AM,2023,12,07,01,23.7,75,Moderate,21.8,UG/M3,1 Hr,Valid
Banja Luka,PM2.5 - Principal,2023-12-07 02:00 AM,2023,12,07,02,23.2,74,Moderate,21.8,UG/M3,1 Hr,Valid
Banja Luka,PM2.5 - Principal,2023-12-07 03:00 AM,2023,12,07,03,22.9,74,Moderate,21.8,UG/M3,1 Hr,Valid
Banja Luka,PM2.5 - Principal,2023-12-07 04:00 AM,2023,12,07,04,17.6,63,Moderate,13.0,UG/M3,1 Hr,Valid
Banja Luka,PM2.5 - Principal,2023-12-07 05:00 AM,2023,12,07,05,16.8,61,Moderate,16.0,UG/M3,1 Hr,Valid
Banja Luka,PM2.5 - Principal,2023-12-07 06:00 AM,2023,12,07,06,16.2,60,Moderate,15.7,UG/M3,1 Hr,Valid
Banja Luka,PM2.5 - Principal,2023-12-07 07:00 AM,2023,12,07,07,15.2,58,Moderate,14.2,UG/M3,1 Hr,Valid
Banja Luka,PM2.5 - Principal,2023-12-07 08:00 AM,2023,12,07,08,14.7,56,Moderate,14.2,UG/M3,1 Hr,Valid
Banja Luka,PM2.5 - Principal,2023-12-07 09:00 AM,2023,12,07,09,16.7,61,Moderate,18.7,UG/M3,1 Hr,Valid
Banja Luka,PM2.5 - Principal,2023-12-07 10:00 AM,2023,12,07,10,37.9,107,Unhealthy for Sensitive Groups,59.1,UG/M3,1 Hr,Valid
Banja Luka,PM2.5 - Principal,2023-12-07 11:00 AM,2023,12,07,11,41.1,115,Unhealthy for Sensitive Groups,44.3,UG/M3,1 Hr,Valid
Banja Luka,PM2.5 - Principal,2023-12-07 12:00 PM,2023,12,07,12,42.7,119,Unhealthy for Sensitive Groups,44.3,UG/M3,1 Hr,Valid
Banja Luka,PM2.5 - Principal,2023-12-07 01:00 PM,2023,12,07,13,45.9,127,Unhealthy for Sensitive Groups,49.0,UG/M3,1 Hr,Valid
Banja Luka,PM2.5 - Principal,2023-12-07 02:00 PM,2023,12,07,14,60.5,154,Unhealthy,75.2,UG/M3,1 Hr,Valid
Banja Luka,PM2.5 - Principal,2023-12-07 03:00 PM,2023,12,07,15,67.9,157,Unhealthy,75.2,UG/M3,1 Hr,Valid
Banja Luka,PM2.5 - Principal,2023-12-07 04:00 PM,2023,12,07,16,43.5,121,Unhealthy for Sensitive Groups,19.1,UG/M3,1 Hr,Valid
Banja Luka,PM2.5 - Principal,2023-12-07 05:00 PM,2023,12,07,17,49.6,136,Unhealthy for Sensitive Groups,55.8,UG/M3,1 Hr,Valid
Banja Luka,PM2.5 - Principal,2023-12-07 06:00 PM,2023,12,07,18,85.8,167,Unhealthy,122.0,UG/M3,1 Hr,Valid
Banja Luka,PM2.5 - Principal,2023-12-07 07:00 PM,2023,12,07,19,103.9,176,Unhealthy,122.0,UG/M3,1 Hr,Valid
Banja Luka,PM2.5 - Principal,2023-12-07 08:00 PM,2023,12,07,20,113.0,181,Unhealthy,122.0,UG/M3,1 Hr,Valid
Banja Luka,PM2.5 - Principal,2023-12-07 09:00 PM,2023,12,07,21,144.9,197,Unhealthy,176.8,UG/M3,1 Hr,Valid
Banja Luka,PM2.5 - Principal,2023-12-07 10:00 PM,2023,12,07,22,157.4,208,Very Unhealthy,169.9,UG/M3,1 Hr,Valid
Banja Luka,PM2.5 - Principal,2023-12-07 11:00 PM,2023,12,07,23,163.6,214,Very Unhealthy,169.9,UG/M3,1 Hr,Valid
Banja Luka,PM2.5 - Principal,2023-12-08 12:00 AM,2023,12,08,00,190.7,241,Very Unhealthy,217.7,UG/M3,1 Hr,Valid
Banja Luka,PM2.5 - Principal,2023-12-08 01:00 AM,2023,12,08,01,175.0,225,Very Unhealthy,159.2,UG/M3,1 Hr,Valid
Banja Luka,PM2.5 - Principal,2023-12-08 02:00 AM,2023,12,08,02,148.1,199,Unhealthy,121.3,UG/M3,1 Hr,Valid
Banja Luka,PM2.5 - Principal,2023-12-08 03:00 AM,2023,12,08,03,111.8,180,Unhealthy,75.4,UG/M3,1 Hr,Valid
Banja Luka,PM2.5 - Principal,2023-12-08 04:00 AM,2023,12,08,04,93.6,171,Unhealthy,75.4,UG/M3,1 Hr,Valid
Banja Luka,PM2.5 - Principal,2023-12-08 05:00 AM,2023,12,08,05,65.2,156,Unhealthy,36.8,UG/M3,1 Hr,Valid
Banja Luka,PM2.5 - Principal,2023-12-08 06:00 AM,2023,12,08,06,46.5,128,Unhealthy for Sensitive Groups,27.8,UG/M3,1 Hr,Valid
Banja Luka,PM2.5 - Principal,2023-12-08 07:00 AM,2023,12,08,07,37.1,105,Unhealthy for Sensitive Groups,27.8,UG/M3,1 Hr,Valid
Banja Luka,PM2.5 - Principal,2023-12-08 08:00 AM,2023,12,08,08,39.5,111,Unhealthy for Sensitive Groups,41.8,UG/M3,1 Hr,Valid
Banja Luka,PM2.5 - Principal,2023-12-08 09:00 AM,2023,12,08,09,40.6,114,Unhealthy for Sensitive Groups,41.8,UG/M3,1 Hr,Valid
Banja Luka,PM2.5 - Principal,2023-12-08 10:00 AM,2023,12,08,10,95.1,171,Unhealthy,149.5,UG/M3,1 Hr,Valid
Banja Luka,PM2.5 - Principal,2023-12-08 11:00 AM,2023,12,08,11,73.1,160,Unhealthy,51.2,UG/M3,1 Hr,Valid
Banja Luka,PM2.5 - Principal,2023-12-08 12:00 PM,2023,12,08,12,62.2,154,Unhealthy,51.2,UG/M3,1 Hr,Valid
Banja Luka,PM2.5 - Principal,2023-12-08 01:00 PM,2023,12,08,13,40.0,112,Unhealthy for Sensitive Groups,17.8,UG/M3,1 Hr,Valid
Banja Luka,PM2.5 - Principal,2023-12-08 02:00 PM,2023,12,08,14,66.2,157,Unhealthy,92.5,UG/M3,1 Hr,Valid
Banja Luka,PM2.5 - Principal,2023-12-08 03:00 PM,2023,12,08,15,61.7,154,Unhealthy,57.3,UG/M3,1 Hr,Valid
Banja Luka,PM2.5 - Principal,2023-12-08 04:00 PM,2023,12,08,16,53.5,145,Unhealthy for Sensitive Groups,45.2,UG/M3,1 Hr,Valid
Banja Luka,PM2.5 - Principal,2023-12-08 05:00 PM,2023,12,08,17,49.3,135,Unhealthy for Sensitive Groups,45.2,UG/M3,1 Hr,Valid
Banja Luka,PM2.5 - Principal,2023-12-08 06:00 PM,2023,12,08,18,135.2,192,Unhealthy,221.0,UG/M3,1 Hr,Valid
Banja Luka,PM2.5 - Principal,2023-12-08 07:00 PM,2023,12,08,19,178.1,228,Very Unhealthy,221.0,UG/M3,1 Hr,Valid
Banja Luka,PM2.5 - Principal,2023-12-08 08:00 PM,2023,12,08,20,216.6,267,Very Unhealthy,255.0,UG/M3,1 Hr,Suspect
Banja Luka,PM2.5 - Principal,2023-12-08 09:00 PM,2023,12,08,21,235.8,286,Very Unhealthy,255.0,UG/M3,1 Hr,Suspect
Banja Luka,PM2.5 - Principal,2023-12-08 10:00 PM,2023,12,08,22,245.4,295,Very Unhealthy,255.0,UG/M3,1 Hr,Suspect
Banja Luka,PM2.5 - Principal,2023-12-08 11:00 PM,2023,12,08,23,245.4,295,Very Unhealthy,182.4,UG/M3,1 Hr,Invalid
Banja Luka,PM2.5 - Principal,2023-12-09 12:00 AM,2023,12,09,00,-999.0,-999,N/A,182.4,UG/M3,1 Hr,Invalid
Banja Luka,PM2.5 - Principal,2023-12-09 01:00 AM,2023,12,09,01,-999.0,-999,N/A,182.4,UG/M3,1 Hr,Invalid
Banja Luka,PM2.5 - Principal,2023-12-09 02:00 AM,2023,12,09,02,-999.0,-999,N/A,182.4,UG/M3,1 Hr,Invalid
Banja Luka,PM2.5 - Principal,2023-12-09 03:00 AM,2023,12,09,03,-999.0,-999,N/A,182.4,UG/M3,1 Hr,Invalid
Banja Luka,PM2.5 - Principal,2023-12-09 04:00 AM,2023,12,09,04,-999.0,-999,N/A,182.4,UG/M3,1 Hr,Invalid
Banja Luka,PM2.5 - Principal,2023-12-09 05:00 AM,2023,12,09,05,-999.0,-999,N/A,182.4,UG/M3,1 Hr,Invalid
Banja Luka,PM2.5 - Principal,2023-12-09 06:00 AM,2023,12,09,06,-999.0,-999,N/A,182.4,UG/M3,1 Hr,Invalid
Banja Luka,PM2.5 - Principal,2023-12-09 07:00 AM,2023,12,09,07,-999.0,-999,N/A,182.4,UG/M3,1 Hr,Invalid
Banja Luka,PM2.5 - Principal,2023-12-09 08:00 AM,2023,12,09,08,-999.0,-999,N/A,49.1,UG/M3,1 Hr,Invalid
Banja Luka,PM2.5 - Principal,2023-12-09 09:00 AM,2023,12,09,09,-999.0,-999,N/A,49.1,UG/M3,1 Hr,Invalid
Banja Luka,PM2.5 - Principal,2023-12-09 10:00 AM,2023,12,09,10,-999.0,-999,N/A,49.1,UG/M3,1 Hr,Invalid
Banja Luka,PM2.5 - Principal,2023-12-09 11:00 AM,2023,12,09,11,-999.0,-999,N/A,49.1,UG/M3,1 Hr,Invalid
Banja Luka,PM2.5 - Principal,2023-12-09 12:00 PM,2023,12,09,12,-999.0,-999,N/A,49.1,UG/M3,1 Hr,Invalid
Banja Luka,PM2.5 - Principal,2023-12-09 01:00 PM,2023,12,09,13,-999.0,-999,N/A,49.1,UG/M3,1 Hr,Invalid
Banja Luka,PM2.5 - Principal,2023-12-09 02:00 PM,2023,12,09,14,-999.0,-999,N/A,49.1,UG/M3,1 Hr,Invalid
Banja Luka,PM2.5 - Principal,2023-12-09 03:00 PM,2023,12,09,15,-999.0,-999,N/A,49.1,UG/M3,1 Hr,Invalid
Banja Luka,PM2.5 - Principal,2023-12-09 04:00 PM,2023,12,09,16,-999.0,-999,N/A,49.1,UG/M3,1 Hr,Invalid
Banja Luka,PM2.5 - Principal,2023-12-09 05:00 PM,2023,12,09,17,-999.0,-999,N/A,49.1,UG/M3,1 Hr,Invalid
Banja Luka,PM2.5 - Principal,2023-12-09 06:00 PM,2023,12,09,18,-999.0,-999,N/A,49.1,UG/M3,1 Hr,Invalid
Banja Luka,PM2.5 - Principal,2023-12-11 01:00 PM,2023,12,11,13,-999.0,-999,N/A,101.3,UG/M3,1 Hr,Valid
Banja Luka,PM2.5 - Principal,2023-12-11 02:00 PM,2023,12,11,14,39.1,110,Unhealthy for Sensitive Groups,8.0,UG/M3,1 Hr,Valid
Banja Luka,PM2.5 - Principal,2023-12-11 03:00 PM,2023,12,11,15,21.8,71,Moderate,8.8,UG/M3,1 Hr,Valid
Banja Luka,PM2.5 - Principal,2023-12-11 04:00 PM,2023,12,11,16,16.5,60,Moderate,12.0,UG/M3,1 Hr,Valid
Banja Luka,PM2.5 - Principal,2023-12-11 05:00 PM,2023,12,11,17,15.8,59,Moderate,15.1,UG/M3,1 Hr,Valid
Banja Luka,PM2.5 - Principal,2023-12-11 06:00 PM,2023,12,11,18,15.4,58,Moderate,15.0,UG/M3,1 Hr,Valid
Banja Luka,PM2.5 - Principal,2023-12-11 07:00 PM,2023,12,11,19,14.0,55,Moderate,12.7,UG/M3,1 Hr,Valid
Banja Luka,PM2.5 - Principal,2023-12-11 08:00 PM,2023,12,11,20,11.3,47,Good,8.5,UG/M3,1 Hr,Valid
Banja Luka,PM2.5 - Principal,2023-12-11 09:00 PM,2023,12,11,21,11.5,48,Good,11.7,UG/M3,1 Hr,Valid
Banja Luka,PM2.5 - Principal,2023-12-11 10:00 PM,2023,12,11,22,36.7,104,Unhealthy for Sensitive Groups,61.8,UG/M3,1 Hr,Valid
Banja Luka,PM2.5 - Principal,2023-12-11 11:00 PM,2023,12,11,23,72.8,160,Unhealthy,108.9,UG/M3,1 Hr,Valid
Banja Luka,PM2.5 - Principal,2023-12-12 12:00 AM,2023,12,12,00,50.3,137,Unhealthy for Sensitive Groups,27.8,UG/M3,1 Hr,Valid
Banja Luka,PM2.5 - Principal,2023-12-12 01:00 AM,2023,12,12,01,28.3,85,Moderate,6.4,UG/M3,1 Hr,Valid
Banja Luka,PM2.5 - Principal,2023-12-12 02:00 AM,2023,12,12,02,16.4,60,Moderate,4.4,UG/M3,1 Hr,Valid
Banja Luka,PM2.5 - Principal,2023-12-12 03:00 AM,2023,12,12,03,9.9,41,Good,3.4,UG/M3,1 Hr,Valid
Banja Luka,PM2.5 - Principal,2023-12-12 04:00 AM,2023,12,12,04,6.5,27,Good,3.1,UG/M3,1 Hr,Valid
Banja Luka,PM2.5 - Principal,2023-12-12 05:00 AM,2023,12,12,05,11.9,50,Good,17.3,UG/M3,1 Hr,Valid
Banja Luka,PM2.5 - Principal,2023-12-12 06:00 AM,2023,12,12,06,18.3,64,Moderate,24.7,UG/M3,1 Hr,Valid
Banja Luka,PM2.5 - Principal,2023-12-12 07:00 AM,2023,12,12,07,31.7,92,Moderate,45.0,UG/M3,1 Hr,Valid
Banja Luka,PM2.5 - Principal,2023-12-12 08:00 AM,2023,12,12,08,40.0,112,Unhealthy for Sensitive Groups,48.3,UG/M3,1 Hr,Valid
Banja Luka,PM2.5 - Principal,2023-12-12 09:00 AM,2023,12,12,09,59.5,153,Unhealthy,79.1,UG/M3,1 Hr,Valid
Banja Luka,PM2.5 - Principal,2023-12-12 10:00 AM,2023,12,12,10,64.9,156,Unhealthy,70.3,UG/M3,1 Hr,Valid
Banja Luka,PM2.5 - Principal,2023-12-12 11:00 AM,2023,12,12,11,74.1,161,Unhealthy,83.3,UG/M3,1 Hr,Valid
Banja Luka,PM2.5 - Principal,2023-12-12 12:00 PM,2023,12,12,12,75.6,161,Unhealthy,77.1,UG/M3,1 Hr,Valid
Banja Luka,PM2.5 - Principal,2023-12-12 01:00 PM,2023,12,12,13,92.7,170,Unhealthy,109.8,UG/M3,1 Hr,Valid
Banja Luka,PM2.5 - Principal,2023-12-12 02:00 PM,2023,12,12,14,122.4,186,Unhealthy,152.0,UG/M3,1 Hr,Valid
Banja Luka,PM2.5 - Principal,2023-12-12 03:00 PM,2023,12,12,15,159.3,210,Very Unhealthy,196.3,UG/M3,1 Hr,Valid
Banja Luka,PM2.5 - Principal,2023-12-12 04:00 PM,2023,12,12,16,192.3,242,Very Unhealthy,225.1,UG/M3,1 Hr,Valid
Banja Luka,PM2.5 - Principal,2023-12-12 05:00 PM,2023,12,12,17,222.3,272,Very Unhealthy,252.2,UG/M3,1 Hr,Valid
Banja Luka,PM2.5 - Principal,2023-12-12 06:00 PM,2023,12,12,18,180.2,230,Very Unhealthy,138.1,UG/M3,1 Hr,Valid
Banja Luka,PM2.5 - Principal,2023-12-12 07:00 PM,2023,12,12,19,168.4,219,Very Unhealthy,156.6,UG/M3,1 Hr,Valid
Banja Luka,PM2.5 - Principal,2023-12-12 08:00 PM,2023,12,12,20,231.9,282,Very Unhealthy,295.4,UG/M3,1 Hr,Valid
Banja Luka,PM2.5 - Principal,2023-12-12 09:00 PM,2023,12,12,21,250.7,301,Hazardous,269.5,UG/M3,1 Hr,Valid
Banja Luka,PM2.5 - Principal,2023-12-12 10:00 PM,2023,12,12,22,234.7,284,Very Unhealthy,218.7,UG/M3,1 Hr,Valid
Banja Luka,PM2.5 - Principal,2023-12-12 11:00 PM,2023,12,12,23,259.1,310,Hazardous,283.5,UG/M3,1 Hr,Valid
Banja Luka,PM2.5 - Principal,2023-12-13 12:00 AM,2023,12,13,00,277.6,328,Hazardous,296.0,UG/M3,1 Hr,Valid
Banja Luka,PM2.5 - Principal,2023-12-13 01:00 AM,2023,12,13,01,278.0,328,Hazardous,278.3,UG/M3,1 Hr,Valid
Banja Luka,PM2.5 - Principal,2023-12-13 02:00 AM,2023,12,13,02,197.7,248,Very Unhealthy,117.4,UG/M3,1 Hr,Valid
Banja Luka,PM2.5 - Principal,2023-12-13 03:00 AM,2023,12,13,03,100.6,174,Unhealthy,3.5,UG/M3,1 Hr,Valid
Banja Luka,PM2.5 - Principal,2023-12-13 04:00 AM,2023,12,13,04,51.8,141,Unhealthy for Sensitive Groups,3.2,UG/M3,1 Hr,Valid
Banja Luka,PM2.5 - Principal,2023-12-13 05:00 AM,2023,12,13,05,27.4,83,Moderate,2.9,UG/M3,1 Hr,Valid
Banja Luka,PM2.5 - Principal,2023-12-13 06:00 AM,2023,12,13,06,15.1,57,Moderate,2.9,UG/M3,1 Hr,Valid
Banja Luka,PM2.5 - Principal,2023-12-13 07:00 AM,2023,12,13,07,9.2,38,Good,3.4,UG/M3,1 Hr,Valid
Banja Luka,PM2.5 - Principal,2023-12-13 08:00 AM,2023,12,13,08,6.7,28,Good,4.2,UG/M3,1 Hr,Valid
Banja Luka,PM2.5 - Principal,2023-12-13 09:00 AM,2023,12,13,09,8.6,36,Good,10.6,UG/M3,1 Hr,Valid
Banja Luka,PM2.5 - Principal,2023-12-13 10:00 AM,2023,12,13,10,12.4,52,Moderate,16.3,UG/M3,1 Hr,Valid
Banja Luka,PM2.5 - Principal,2023-12-13 11:00 AM,2023,12,13,11,9.4,39,Good,6.4,UG/M3,1 Hr,Valid
Banja Luka,PM2.5 - Principal,2023-12-13 12:00 PM,2023,12,13,12,8.2,34,Good,7.1,UG/M3,1 Hr,Valid
Banja Luka,PM2.5 - Principal,2023-12-13 01:00 PM,2023,12,13,13,7.9,33,Good,7.6,UG/M3,1 Hr,Valid
Banja Luka,PM2.5 - Principal,2023-12-13 02:00 PM,2023,12,13,14,6.6,28,Good,5.3,UG/M3,1 Hr,Valid
Banja Luka,PM2.5 - Principal,2023-12-13 03:00 PM,2023,12,13,15,6.9,29,Good,7.3,UG/M3,1 Hr,Valid
Banja Luka,PM2.5 - Principal,2023-12-13 04:00 PM,2023,12,13,16,19.1,66,Moderate,31.2,UG/M3,1 Hr,Valid
Banja Luka,PM2.5 - Principal,2023-12-13 05:00 PM,2023,12,13,17,21.0,70,Moderate,23.0,UG/M3,1 Hr,Valid
Banja Luka,PM2.5 - Principal,2023-12-13 06:00 PM,2023,12,13,18,32.1,93,Moderate,43.1,UG/M3,1 Hr,Valid
Banja Luka,PM2.5 - Principal,2023-12-13 07:00 PM,2023,12,13,19,38.2,108,Unhealthy for Sensitive Groups,44.3,UG/M3,1 Hr,Valid
Banja Luka,PM2.5 - Principal,2023-12-13 08:00 PM,2023,12,13,20,29.3,87,Moderate,20.4,UG/M3,1 Hr,Valid
Banja Luka,PM2.5 - Principal,2023-12-13 09:00 PM,2023,12,13,21,31.7,92,Moderate,34.0,UG/M3,1 Hr,Valid
Banja Luka,PM2.5 - Principal,2023-12-13 10:00 PM,2023,12,13,22,22.5,73,Moderate,13.3,UG/M3,1 Hr,Valid
Banja Luka,PM2.5 - Principal,2023-12-13 11:00 PM,2023,12,13,23,16.8,61,Moderate,11.1,UG/M3,1 Hr,Valid
Banja Luka,PM2.5 - Principal,2023-12-14 12:00 AM,2023,12,14,00,16.1,59,Moderate,15.5,UG/M3,1 Hr,Valid
Banja Luka,PM2.5 - Principal,2023-12-14 01:00 AM,2023,12,14,01,16.1,59,Moderate,16.0,UG/M3,1 Hr,Valid
Banja Luka,PM2.5 - Principal,2023-12-14 02:00 AM,2023,12,14,02,19.0,66,Moderate,21.9,UG/M3,1 Hr,Valid
Banja Luka,PM2.5 - Principal,2023-12-14 03:00 AM,2023,12,14,03,29.2,87,Moderate,39.3,UG/M3,1 Hr,Valid
Banja Luka,PM2.5 - Principal,2023-12-14 04:00 AM,2023,12,14,04,32.5,94,Moderate,35.8,UG/M3,1 Hr,Valid
Banja Luka,PM2.5 - Principal,2023-12-14 05:00 AM,2023,12,14,05,23.8,76,Moderate,15.1,UG/M3,1 Hr,Valid
Banja Luka,PM2.5 - Principal,2023-12-14 06:00 AM,2023,12,14,06,15.8,59,Moderate,7.8,UG/M3,1 Hr,Valid
Banja Luka,PM2.5 - Principal,2023-12-14 07:00 AM,2023,12,14,07,11.4,48,Good,7.0,UG/M3,1 Hr,Valid
Banja Luka,PM2.5 - Principal,2023-12-14 08:00 AM,2023,12,14,08,12.3,51,Moderate,13.2,UG/M3,1 Hr,Valid
Banja Luka,PM2.5 - Principal,2023-12-14 09:00 AM,2023,12,14,09,16.4,60,Moderate,20.4,UG/M3,1 Hr,Valid
Banja Luka,PM2.5 - Principal,2023-12-14 10:00 AM,2023,12,14,10,18.6,65,Moderate,20.8,UG/M3,1 Hr,Valid
Banja Luka,PM2.5 - Principal,2023-12-14 11:00 AM,2023,12,14,11,17.0,61,Moderate,15.3,UG/M3,1 Hr,Valid
Banja Luka,PM2.5 - Principal,2023-12-14 12:00 PM,2023,12,14,12,15.3,58,Moderate,13.7,UG/M3,1 Hr,Valid
Banja Luka,PM2.5 - Principal,2023-12-14 01:00 PM,2023,12,14,13,16.8,61,Moderate,18.3,UG/M3,1 Hr,Valid
Banja Luka,PM2.5 - Principal,2023-12-14 02:00 PM,2023,12,14,14,15.5,58,Moderate,14.3,UG/M3,1 Hr,Valid
Banja Luka,PM2.5 - Principal,2023-12-14 03:00 PM,2023,12,14,15,14.4,56,Moderate,13.3,UG/M3,1 Hr,Valid
Banja Luka,PM2.5 - Principal,2023-12-14 04:00 PM,2023,12,14,16,15.0,57,Moderate,15.5,UG/M3,1 Hr,Valid
Banja Luka,PM2.5 - Principal,2023-12-14 05:00 PM,2023,12,14,17,19.8,67,Moderate,24.6,UG/M3,1 Hr,Valid
Banja Luka,PM2.5 - Principal,2023-12-14 06:00 PM,2023,12,14,18,26.9,82,Moderate,34.0,UG/M3,1 Hr,Valid
Banja Luka,PM2.5 - Principal,2023-12-14 07:00 PM,2023,12,14,19,41.7,116,Unhealthy for Sensitive Groups,56.6,UG/M3,1 Hr,Valid
Banja Luka,PM2.5 - Principal,2023-12-14 08:00 PM,2023,12,14,20,67.1,157,Unhealthy,92.4,UG/M3,1 Hr,Valid
Banja Luka,PM2.5 - Principal,2023-12-14 09:00 PM,2023,12,14,21,113.6,181,Unhealthy,160.1,UG/M3,1 Hr,Valid
Banja Luka,PM2.5 - Principal,2023-12-14 10:00 PM,2023,12,14,22,101.4,175,Unhealthy,89.3,UG/M3,1 Hr,Valid
Banja Luka,PM2.5 - Principal,2023-12-14 11:00 PM,2023,12,14,23,125.5,187,Unhealthy,149.6,UG/M3,1 Hr,Valid
Banja Luka,PM2.5 - Principal,2023-12-15 12:00 AM,2023,12,15,00,133.7,191,Unhealthy,141.8,UG/M3,1 Hr,Valid
Banja Luka,PM2.5 - Principal,2023-12-15 01:00 AM,2023,12,15,01,109.2,179,Unhealthy,84.7,UG/M3,1 Hr,Valid
Banja Luka,PM2.5 - Principal,2023-12-15 02:00 AM,2023,12,15,02,79.5,163,Unhealthy,49.7,UG/M3,1 Hr,Valid
Banja Luka,PM2.5 - Principal,2023-12-15 03:00 AM,2023,12,15,03,65.0,156,Unhealthy,50.6,UG/M3,1 Hr,Valid
Banja Luka,PM2.5 - Principal,2023-12-15 04:00 AM,2023,12,15,04,51.8,141,Unhealthy for Sensitive Groups,38.5,UG/M3,1 Hr,Valid
Banja Luka,PM2.5 - Principal,2023-12-15 05:00 AM,2023,12,15,05,38.0,107,Unhealthy for Sensitive Groups,24.3,UG/M3,1 Hr,Valid
Banja Luka,PM2.5 - Principal,2023-12-15 06:00 AM,2023,12,15,06,31.2,91,Moderate,24.5,UG/M3,1 Hr,Valid
Banja Luka,PM2.5 - Principal,2023-12-15 07:00 AM,2023,12,15,07,27.7,84,Moderate,24.1,UG/M3,1 Hr,Valid
Banja Luka,PM2.5 - Principal,2023-12-15 08:00 AM,2023,12,15,08,37.9,107,Unhealthy for Sensitive Groups,48.2,UG/M3,1 Hr,Valid
Banja Luka,PM2.5 - Principal,2023-12-15 09:00 AM,2023,12,15,09,58.4,152,Unhealthy,78.9,UG/M3,1 Hr,Valid
Banja Luka,PM2.5 - Principal,2023-12-15 10:00 AM,2023,12,15,10,87.4,167,Unhealthy,116.5,UG/M3,1 Hr,Valid
Banja Luka,PM2.5 - Principal,2023-12-15 11:00 AM,2023,12,15,11,94.7,171,Unhealthy,102.0,UG/M3,1 Hr,Valid
Banja Luka,PM2.5 - Principal,2023-12-15 12:00 PM,2023,12,15,12,75.7,161,Unhealthy,56.7,UG/M3,1 Hr,Valid
Banja Luka,PM2.5 - Principal,2023-12-15 01:00 PM,2023,12,15,13,50.0,137,Unhealthy for Sensitive Groups,24.2,UG/M3,1 Hr,Valid
Banja Luka,PM2.5 - Principal,2023-12-15 02:00 PM,2023,12,15,14,33.9,97,Moderate,17.8,UG/M3,1 Hr,Valid
Banja Luka,PM2.5 - Principal,2023-12-15 03:00 PM,2023,12,15,15,25.9,80,Moderate,17.9,UG/M3,1 Hr,Valid
Banja Luka,PM2.5 - Principal,2023-12-15 04:00 PM,2023,12,15,16,20.2,68,Moderate,14.5,UG/M3,1 Hr,Valid
Banja Luka,PM2.5 - Principal,2023-12-15 05:00 PM,2023,12,15,17,19.9,67,Moderate,19.7,UG/M3,1 Hr,Valid
Banja Luka,PM2.5 - Principal,2023-12-15 06:00 PM,2023,12,15,18,19.6,67,Moderate,19.4,UG/M3,1 Hr,Valid
Banja Luka,PM2.5 - Principal,2023-12-15 07:00 PM,2023,12,15,19,24.6,77,Moderate,29.6,UG/M3,1 Hr,Valid
Banja Luka,PM2.5 - Principal,2023-12-15 08:00 PM,2023,12,15,20,23.1,74,Moderate,21.5,UG/M3,1 Hr,Valid
Banja Luka,PM2.5 - Principal,2023-12-15 09:00 PM,2023,12,15,21,24.2,76,Moderate,25.4,UG/M3,1 Hr,Valid
Banja Luka,PM2.5 - Principal,2023-12-15 10:00 PM,2023,12,15,22,21.6,71,Moderate,19.0,UG/M3,1 Hr,Valid
Banja Luka,PM2.5 - Principal,2023-12-15 11:00 PM,2023,12,15,23,23.7,75,Moderate,25.9,UG/M3,1 Hr,Valid
Banja Luka,PM2.5 - Principal,2023-12-16 12:00 AM,2023,12,16,00,25.7,80,Moderate,27.6,UG/M3,1 Hr,Valid
Banja Luka,PM2.5 - Principal,2023-12-16 01:00 AM,2023,12,16,01,19.5,67,Moderate,13.3,UG/M3,1 Hr,Valid
Banja Luka,PM2.5 - Principal,2023-12-16 02:00 AM,2023,12,16,02,22.0,72,Moderate,24.5,UG/M3,1 Hr,Valid
Banja Luka,PM2.5 - Principal,2023-12-16 03:00 AM,2023,12,16,03,32.8,95,Moderate,43.7,UG/M3,1 Hr,Valid
Banja Luka,PM2.5 - Principal,2023-12-16 04:00 AM,2023,12,16,04,30.8,90,Moderate,28.7,UG/M3,1 Hr,Valid
Banja Luka,PM2.5 - Principal,2023-12-16 05:00 AM,2023,12,16,05,28.8,86,Moderate,26.9,UG/M3,1 Hr,Valid
Banja Luka,PM2.5 - Principal,2023-12-16 06:00 AM,2023,12,16,06,30.1,89,Moderate,31.4,UG/M3,1 Hr,Valid
Banja Luka,PM2.5 - Principal,2023-12-16 07:00 AM,2023,12,16,07,25.6,79,Moderate,21.0,UG/M3,1 Hr,Valid
Banja Luka,PM2.5 - Principal,2023-12-16 08:00 AM,2023,12,16,08,26.9,82,Moderate,28.2,UG/M3,1 Hr,Valid
Banja Luka,PM2.5 - Principal,2023-12-16 09:00 AM,2023,12,16,09,36.5,103,Unhealthy for Sensitive Groups,46.1,UG/M3,1 Hr,Valid
Banja Luka,PM2.5 - Principal,2023-12-16 10:00 AM,2023,12,16,10,58.3,152,Unhealthy,80.0,UG/M3,1 Hr,Valid
Banja Luka,PM2.5 - Principal,2023-12-16 11:00 AM,2023,12,16,11,62.1,154,Unhealthy,66.0,UG/M3,1 Hr,Valid
Banja Luka,PM2.5 - Principal,2023-12-16 12:00 PM,2023,12,16,12,45.1,125,Unhealthy for Sensitive Groups,28.1,UG/M3,1 Hr,Valid
Banja Luka,PM2.5 - Principal,2023-12-16 01:00 PM,2023,12,16,13,43.8,121,Unhealthy for Sensitive Groups,42.4,UG/M3,1 Hr,Valid
Banja Luka,PM2.5 - Principal,2023-12-16 02:00 PM,2023,12,16,14,32.2,93,Moderate,20.6,UG/M3,1 Hr,Valid
Banja Luka,PM2.5 - Principal,2023-12-16 03:00 PM,2023,12,16,15,25.9,80,Moderate,19.7,UG/M3,1 Hr,Valid
Banja Luka,PM2.5 - Principal,2023-12-16 04:00 PM,2023,12,16,16,21.7,71,Moderate,17.5,UG/M3,1 Hr,Valid
Banja Luka,PM2.5 - Principal,2023-12-16 05:00 PM,2023,12,16,17,52.5,143,Unhealthy for Sensitive Groups,83.2,UG/M3,1 Hr,Valid
Banja Luka,PM2.5 - Principal,2023-12-16 06:00 PM,2023,12,16,18,149.9,200,Unhealthy,247.3,UG/M3,1 Hr,Valid
Banja Luka,PM2.5 - Principal,2023-12-16 07:00 PM,2023,12,16,19,183.7,234,Very Unhealthy,217.4,UG/M3,1 Hr,Valid
Banja Luka,PM2.5 - Principal,2023-12-16 08:00 PM,2023,12,16,20,190.0,240,Very Unhealthy,196.2,UG/M3,1 Hr,Valid
Banja Luka,PM2.5 - Principal,2023-12-16 09:00 PM,2023,12,16,21,218.2,268,Very Unhealthy,246.4,UG/M3,1 Hr,Valid
Banja Luka,PM2.5 - Principal,2023-12-16 10:00 PM,2023,12,16,22,214.5,264,Very Unhealthy,210.8,UG/M3,1 Hr,Valid
Banja Luka,PM2.5 - Principal,2023-12-16 11:00 PM,2023,12,16,23,193.1,243,Very Unhealthy,171.6,UG/M3,1 Hr,Valid
Banja Luka,PM2.5 - Principal,2023-12-17 12:00 AM,2023,12,17,00,172.7,223,Very Unhealthy,152.2,UG/M3,1 Hr,Valid
Banja Luka,PM2.5 - Principal,2023-12-17 01:00 AM,2023,12,17,01,165.8,216,Very Unhealthy,158.9,UG/M3,1 Hr,Valid
Banja Luka,PM2.5 - Principal,2023-12-17 02:00 AM,2023,12,17,02,155.1,206,Very Unhealthy,144.3,UG/M3,1 Hr,Valid
Banja Luka,PM2.5 - Principal,2023-12-17 03:00 AM,2023,12,17,03,88.4,168,Unhealthy,21.8,UG/M3,1 Hr,Valid
Banja Luka,PM2.5 - Principal,2023-12-17 04:00 AM,2023,12,17,04,53.1,144,Unhealthy for Sensitive Groups,17.8,UG/M3,1 Hr,Valid
Banja Luka,PM2.5 - Principal,2023-12-17 05:00 AM,2023,12,17,05,34.7,99,Moderate,16.4,UG/M3,1 Hr,Valid
Banja Luka,PM2.5 - Principal,2023-12-17 06:00 AM,2023,12,17,06,24.4,77,Moderate,14.1,UG/M3,1 Hr,Valid
Banja Luka,PM2.5 - Principal,2023-12-17 07:00 AM,2023,12,17,07,20.6,69,Moderate,16.9,UG/M3,1 Hr,Valid
Banja Luka,PM2.5 - Principal,2023-12-17 08:00 AM,2023,12,17,08,29.2,87,Moderate,37.9,UG/M3,1 Hr,Valid
Banja Luka,PM2.5 - Principal,2023-12-17 09:00 AM,2023,12,17,09,36.8,104,Unhealthy for Sensitive Groups,44.5,UG/M3,1 Hr,Valid
Banja Luka,PM2.5 - Principal,2023-12-17 10:00 AM,2023,12,17,10,31.9,93,Moderate,27.0,UG/M3,1 Hr,Valid
Banja Luka,PM2.5 - Principal,2023-12-17 11:00 AM,2023,12,17,11,31.5,92,Moderate,31.2,UG/M3,1 Hr,Valid
Banja Luka,PM2.5 - Principal,2023-12-17 12:00 PM,2023,12,17,12,30.9,91,Moderate,30.3,UG/M3,1 Hr,Valid
Banja Luka,PM2.5 - Principal,2023-12-17 01:00 PM,2023,12,17,13,40.6,114,Unhealthy for Sensitive Groups,50.4,UG/M3,1 Hr,Valid
Banja Luka,PM2.5 - Principal,2023-12-17 02:00 PM,2023,12,17,14,32.4,94,Moderate,24.2,UG/M3,1 Hr,Valid
Banja Luka,PM2.5 - Principal,2023-12-17 03:00 PM,2023,12,17,15,27.9,84,Moderate,23.5,UG/M3,1 Hr,Valid
Banja Luka,PM2.5 - Principal,2023-12-17 04:00 PM,2023,12,17,16,35.7,101,Unhealthy for Sensitive Groups,43.5,UG/M3,1 Hr,Valid
Banja Luka,PM2.5 - Principal,2023-12-17 05:00 PM,2023,12,17,17,57.3,152,Unhealthy,78.8,UG/M3,1 Hr,Valid
Banja Luka,PM2.5 - Principal,2023-12-17 06:00 PM,2023,12,17,18,136.0,193,Unhealthy,214.6,UG/M3,1 Hr,Valid
Banja Luka,PM2.5 - Principal,2023-12-17 07:00 PM,2023,12,17,19,214.6,265,Very Unhealthy,293.2,UG/M3,1 Hr,Valid
Banja Luka,PM2.5 - Principal,2023-12-17 08:00 PM,2023,12,17,20,213.3,263,Very Unhealthy,212.0,UG/M3,1 Hr,Valid
Banja Luka,PM2.5 - Principal,2023-12-17 09:00 PM,2023,12,17,21,235.4,285,Very Unhealthy,257.5,UG/M3,1 Hr,Valid
Banja Luka,PM2.5 - Principal,2023-12-17 10:00 PM,2023,12,17,22,272.5,323,Hazardous,309.4,UG/M3,1 Hr,Valid
Banja Luka,PM2.5 - Principal,2023-12-17 11:00 PM,2023,12,17,23,266.7,317,Hazardous,260.8,UG/M3,1 Hr,Valid
Banja Luka,PM2.5 - Principal,2023-12-18 12:00 AM,2023,12,18,00,264.2,315,Hazardous,261.7,UG/M3,1 Hr,Valid
Banja Luka,PM2.5 - Principal,2023-12-18 01:00 AM,2023,12,18,01,224.3,274,Very Unhealthy,184.3,UG/M3,1 Hr,Valid
Banja Luka,PM2.5 - Principal,2023-12-18 02:00 AM,2023,12,18,02,204.9,255,Very Unhealthy,185.6,UG/M3,1 Hr,Valid
Banja Luka,PM2.5 - Principal,2023-12-18 03:00 AM,2023,12,18,03,175.7,226,Very Unhealthy,146.4,UG/M3,1 Hr,Valid
Banja Luka,PM2.5 - Principal,2023-12-18 04:00 AM,2023,12,18,04,158.8,209,Very Unhealthy,142.0,UG/M3,1 Hr,Valid
Banja Luka,PM2.5 - Principal,2023-12-18 05:00 AM,2023,12,18,05,132.0,190,Unhealthy,105.1,UG/M3,1 Hr,Valid
Banja Luka,PM2.5 - Principal,2023-12-18 06:00 AM,2023,12,18,06,106.5,177,Unhealthy,81.1,UG/M3,1 Hr,Valid
Banja Luka,PM2.5 - Principal,2023-12-18 07:00 AM,2023,12,18,07,95.5,172,Unhealthy,84.6,UG/M3,1 Hr,Valid
Banja Luka,PM2.5 - Principal,2023-12-18 08:00 AM,2023,12,18,08,85.2,166,Unhealthy,74.9,UG/M3,1 Hr,Valid
Banja Luka,PM2.5 - Principal,2023-12-18 09:00 AM,2023,12,18,09,127.5,188,Unhealthy,169.8,UG/M3,1 Hr,Valid
Banja Luka,PM2.5 - Principal,2023-12-18 10:00 AM,2023,12,18,10,152.0,202,Very Unhealthy,176.4,UG/M3,1 Hr,Valid
Banja Luka,PM2.5 - Principal,2023-12-18 11:00 AM,2023,12,18,11,99.7,174,Unhealthy,47.5,UG/M3,1 Hr,Valid
Banja Luka,PM2.5 - Principal,2023-12-18 12:00 PM,2023,12,18,12,87.1,167,Unhealthy,74.5,UG/M3,1 Hr,Valid
Banja Luka,PM2.5 - Principal,2023-12-18 01:00 PM,2023,12,18,13,76.1,162,Unhealthy,65.2,UG/M3,1 Hr,Valid
Banja Luka,PM2.5 - Principal,2023-12-18 02:00 PM,2023,12,18,14,62.4,155,Unhealthy,48.7,UG/M3,1 Hr,Valid
Banja Luka,PM2.5 - Principal,2023-12-18 03:00 PM,2023,12,18,15,59.6,153,Unhealthy,56.9,UG/M3,1 Hr,Valid
Banja Luka,PM2.5 - Principal,2023-12-18 04:00 PM,2023,12,18,16,88.1,168,Unhealthy,116.5,UG/M3,1 Hr,Valid
Banja Luka,PM2.5 - Principal,2023-12-18 05:00 PM,2023,12,18,17,272.4,323,Hazardous,456.6,UG/M3,1 Hr,Valid
Banja Luka,PM2.5 - Principal,2023-12-18 06:00 PM,2023,12,18,18,315.7,366,Hazardous,358.9,UG/M3,1 Hr,Valid
Banja Luka,PM2.5 - Principal,2023-12-18 07:00 PM,2023,12,18,19,329.0,379,Hazardous,342.3,UG/M3,1 Hr,Valid
Banja Luka,PM2.5 - Principal,2023-12-18 08:00 PM,2023,12,18,20,339.3,389,Hazardous,349.5,UG/M3,1 Hr,Valid
Banja Luka,PM2.5 - Principal,2023-12-18 09:00 PM,2023,12,18,21,319.6,369,Hazardous,299.8,UG/M3,1 Hr,Valid
Banja Luka,PM2.5 - Principal,2023-12-18 10:00 PM,2023,12,18,22,318.7,369,Hazardous,317.7,UG/M3,1 Hr,Valid
Banja Luka,PM2.5 - Principal,2023-12-18 11:00 PM,2023,12,18,23,315.0,365,Hazardous,311.4,UG/M3,1 Hr,Valid
Banja Luka,PM2.5 - Principal,2023-12-19 12:00 AM,2023,12,19,00,322.4,372,Hazardous,329.7,UG/M3,1 Hr,Valid
Banja Luka,PM2.5 - Principal,2023-12-19 01:00 AM,2023,12,19,01,335.2,385,Hazardous,348.0,UG/M3,1 Hr,Valid
Banja Luka,PM2.5 - Principal,2023-12-19 02:00 AM,2023,12,19,02,373.7,416,Hazardous,412.2,UG/M3,1 Hr,Valid
Banja Luka,PM2.5 - Principal,2023-12-19 03:00 AM,2023,12,19,03,366.5,412,Hazardous,359.1,UG/M3,1 Hr,Valid
Banja Luka,PM2.5 - Principal,2023-12-19 04:00 AM,2023,12,19,04,271.9,322,Hazardous,177.3,UG/M3,1 Hr,Valid
Banja Luka,PM2.5 - Principal,2023-12-19 05:00 AM,2023,12,19,05,190.8,241,Very Unhealthy,109.9,UG/M3,1 Hr,Valid
Banja Luka,PM2.5 - Principal,2023-12-19 06:00 AM,2023,12,19,06,133.5,191,Unhealthy,76.1,UG/M3,1 Hr,Valid
Banja Luka,PM2.5 - Principal,2023-12-19 07:00 AM,2023,12,19,07,127.5,188,Unhealthy,121.5,UG/M3,1 Hr,Valid
Banja Luka,PM2.5 - Principal,2023-12-19 08:00 AM,2023,12,19,08,128.3,189,Unhealthy,129.3,UG/M3,1 Hr,Valid
Banja Luka,PM2.5 - Principal,2023-12-19 09:00 AM,2023,12,19,09,148.1,199,Unhealthy,167.9,UG/M3,1 Hr,Valid
Banja Luka,PM2.5 - Principal,2023-12-19 10:00 AM,2023,12,19,10,134.8,192,Unhealthy,121.5,UG/M3,1 Hr,Valid
Banja Luka,PM2.5 - Principal,2023-12-19 11:00 AM,2023,12,19,11,140.0,195,Unhealthy,145.3,UG/M3,1 Hr,Valid
Banja Luka,PM2.5 - Principal,2023-12-19 12:00 PM,2023,12,19,12,102.5,175,Unhealthy,65.0,UG/M3,1 Hr,Valid
Banja Luka,PM2.5 - Principal,2023-12-19 01:00 PM,2023,12,19,13,94.8,171,Unhealthy,87.1,UG/M3,1 Hr,Valid
Banja Luka,PM2.5 - Principal,2023-12-19 02:00 PM,2023,12,19,14,91.4,170,Unhealthy,88.1,UG/M3,1 Hr,Valid
Banja Luka,PM2.5 - Principal,2023-12-19 03:00 PM,2023,12,19,15,93.0,170,Unhealthy,94.7,UG/M3,1 Hr,Valid
Banja Luka,PM2.5 - Principal,2023-12-19 04:00 PM,2023,12,19,16,86.6,167,Unhealthy,80.1,UG/M3,1 Hr,Valid
Banja Luka,PM2.5 - Principal,2023-12-19 05:00 PM,2023,12,19,17,128.1,188,Unhealthy,169.6,UG/M3,1 Hr,Valid
Banja Luka,PM2.5 - Principal,2023-12-19 06:00 PM,2023,12,19,18,174.6,225,Very Unhealthy,221.1,UG/M3,1 Hr,Valid
Banja Luka,PM2.5 - Principal,2023-12-19 07:00 PM,2023,12,19,19,216.7,267,Very Unhealthy,258.7,UG/M3,1 Hr,Valid
Banja Luka,PM2.5 - Principal,2023-12-19 08:00 PM,2023,12,19,20,248.9,299,Very Unhealthy,281.2,UG/M3,1 Hr,Valid
Banja Luka,PM2.5 - Principal,2023-12-19 09:00 PM,2023,12,19,21,248.2,298,Very Unhealthy,247.4,UG/M3,1 Hr,Valid
Banja Luka,PM2.5 - Principal,2023-12-19 10:00 PM,2023,12,19,22,281.3,332,Hazardous,314.4,UG/M3,1 Hr,Valid
Banja Luka,PM2.5 - Principal,2023-12-19 11:00 PM,2023,12,19,23,274.0,324,Hazardous,266.5,UG/M3,1 Hr,Valid
Banja Luka,PM2.5 - Principal,2023-12-20 12:00 AM,2023,12,20,00,245.7,295,Very Unhealthy,217.5,UG/M3,1 Hr,Valid
Banja Luka,PM2.5 - Principal,2023-12-20 01:00 AM,2023,12,20,01,252.4,303,Hazardous,259.0,UG/M3,1 Hr,Valid
Banja Luka,PM2.5 - Principal,2023-12-20 02:00 AM,2023,12,20,02,212.6,263,Very Unhealthy,172.8,UG/M3,1 Hr,Valid
Banja Luka,PM2.5 - Principal,2023-12-20 03:00 AM,2023,12,20,03,206.2,256,Very Unhealthy,199.7,UG/M3,1 Hr,Valid
Banja Luka,PM2.5 - Principal,2023-12-20 04:00 AM,2023,12,20,04,161.8,212,Very Unhealthy,117.5,UG/M3,1 Hr,Valid
Banja Luka,PM2.5 - Principal,2023-12-20 05:00 AM,2023,12,20,05,111.3,180,Unhealthy,60.8,UG/M3,1 Hr,Valid
Banja Luka,PM2.5 - Principal,2023-12-20 06:00 AM,2023,12,20,06,95.4,172,Unhealthy,79.6,UG/M3,1 Hr,Valid
Banja Luka,PM2.5 - Principal,2023-12-20 07:00 AM,2023,12,20,07,76.7,162,Unhealthy,58.1,UG/M3,1 Hr,Valid
Banja Luka,PM2.5 - Principal,2023-12-20 08:00 AM,2023,12,20,08,113.8,181,Unhealthy,150.9,UG/M3,1 Hr,Valid
Banja Luka,PM2.5 - Principal,2023-12-20 09:00 AM,2023,12,20,09,150.7,201,Very Unhealthy,187.7,UG/M3,1 Hr,Valid
Banja Luka,PM2.5 - Principal,2023-12-20 10:00 AM,2023,12,20,10,202.9,253,Very Unhealthy,255.0,UG/M3,1 Hr,Valid
Banja Luka,PM2.5 - Principal,2023-12-20 11:00 AM,2023,12,20,11,323.6,373,Hazardous,444.4,UG/M3,1 Hr,Valid
Banja Luka,PM2.5 - Principal,2023-12-20 12:00 PM,2023,12,20,12,252.1,303,Hazardous,180.5,UG/M3,1 Hr,Valid
Banja Luka,PM2.5 - Principal,2023-12-20 01:00 PM,2023,12,20,13,282.1,332,Hazardous,312.1,UG/M3,1 Hr,Valid
Banja Luka,PM2.5 - Principal,2023-12-20 02:00 PM,2023,12,20,14,205.8,256,Very Unhealthy,129.5,UG/M3,1 Hr,Valid
Banja Luka,PM2.5 - Principal,2023-12-20 03:00 PM,2023,12,20,15,118.9,184,Unhealthy,32.0,UG/M3,1 Hr,Valid
Banja Luka,PM2.5 - Principal,2023-12-20 04:00 PM,2023,12,20,16,73.9,161,Unhealthy,29.0,UG/M3,1 Hr,Valid
Banja Luka,PM2.5 - Principal,2023-12-20 05:00 PM,2023,12,20,17,54.5,148,Unhealthy for Sensitive Groups,35.2,UG/M3,1 Hr,Valid
Banja Luka,PM2.5 - Principal,2023-12-20 06:00 PM,2023,12,20,18,60.2,153,Unhealthy,65.8,UG/M3,1 Hr,Valid
Banja Luka,PM2.5 - Principal,2023-12-20 07:00 PM,2023,12,20,19,47.1,130,Unhealthy for Sensitive Groups,34.0,UG/M3,1 Hr,Valid
Banja Luka,PM2.5 - Principal,2023-12-20 08:00 PM,2023,12,20,20,37.1,105,Unhealthy for Sensitive Groups,27.2,UG/M3,1 Hr,Valid
Banja Luka,PM2.5 - Principal,2023-12-20 09:00 PM,2023,12,20,21,36.7,104,Unhealthy for Sensitive Groups,36.3,UG/M3,1 Hr,Valid
Banja Luka,PM2.5 - Principal,2023-12-20 10:00 PM,2023,12,20,22,42.9,119,Unhealthy for Sensitive Groups,49.2,UG/M3,1 Hr,Valid
Banja Luka,PM2.5 - Principal,2023-12-20 11:00 PM,2023,12,20,23,175.0,225,Very Unhealthy,307.1,UG/M3,1 Hr,Valid
Banja Luka,PM2.5 - Principal,2023-12-21 12:00 AM,2023,12,21,00,201.1,251,Very Unhealthy,227.2,UG/M3,1 Hr,Valid
Banja Luka,PM2.5 - Principal,2023-12-21 01:00 AM,2023,12,21,01,175.2,225,Very Unhealthy,149.4,UG/M3,1 Hr,Valid
Banja Luka,PM2.5 - Principal,2023-12-21 02:00 AM,2023,12,21,02,144.9,197,Unhealthy,114.6,UG/M3,1 Hr,Valid
Banja Luka,PM2.5 - Principal,2023-12-21 03:00 AM,2023,12,21,03,122.3,185,Unhealthy,99.6,UG/M3,1 Hr,Valid
Banja Luka,PM2.5 - Principal,2023-12-21 04:00 AM,2023,12,21,04,108.6,178,Unhealthy,95.0,UG/M3,1 Hr,Valid
Banja Luka,PM2.5 - Principal,2023-12-21 05:00 AM,2023,12,21,05,99.7,174,Unhealthy,90.8,UG/M3,1 Hr,Valid
Banja Luka,PM2.5 - Principal,2023-12-21 06:00 AM,2023,12,21,06,85.2,166,Unhealthy,70.6,UG/M3,1 Hr,Valid
Banja Luka,PM2.5 - Principal,2023-12-21 07:00 AM,2023,12,21,07,90.5,169,Unhealthy,95.8,UG/M3,1 Hr,Valid
Banja Luka,PM2.5 - Principal,2023-12-21 08:00 AM,2023,12,21,08,92.2,170,Unhealthy,93.8,UG/M3,1 Hr,Valid
Banja Luka,PM2.5 - Principal,2023-12-21 09:00 AM,2023,12,21,09,98.6,173,Unhealthy,104.9,UG/M3,1 Hr,Valid
Banja Luka,PM2.5 - Principal,2023-12-21 10:00 AM,2023,12,21,10,117.1,183,Unhealthy,135.6,UG/M3,1 Hr,Valid
Banja Luka,PM2.5 - Principal,2023-12-21 11:00 AM,2023,12,21,11,82.2,165,Unhealthy,47.3,UG/M3,1 Hr,Valid
Banja Luka,PM2.5 - Principal,2023-12-21 12:00 PM,2023,12,21,12,78.5,163,Unhealthy,74.8,UG/M3,1 Hr,Valid
Banja Luka,PM2.5 - Principal,2023-12-21 01:00 PM,2023,12,21,13,66.5,157,Unhealthy,54.6,UG/M3,1 Hr,Valid
Banja Luka,PM2.5 - Principal,2023-12-21 02:00 PM,2023,12,21,14,71.0,159,Unhealthy,75.5,UG/M3,1 Hr,Valid
Banja Luka,PM2.5 - Principal,2023-12-21 03:00 PM,2023,12,21,15,66.7,157,Unhealthy,62.5,UG/M3,1 Hr,Valid
Banja Luka,PM2.5 - Principal,2023-12-21 04:00 PM,2023,12,21,16,77.9,163,Unhealthy,89.0,UG/M3,1 Hr,Valid
Banja Luka,PM2.5 - Principal,2023-12-21 05:00 PM,2023,12,21,17,92.1,170,Unhealthy,106.3,UG/M3,1 Hr,Valid
Banja Luka,PM2.5 - Principal,2023-12-21 06:00 PM,2023,12,21,18,224.8,275,Very Unhealthy,357.5,UG/M3,1 Hr,Valid
Banja Luka,PM2.5 - Principal,2023-12-21 07:00 PM,2023,12,21,19,323.0,373,Hazardous,421.2,UG/M3,1 Hr,Valid
Banja Luka,PM2.5 - Principal,2023-12-21 08:00 PM,2023,12,21,20,258.3,309,Hazardous,193.6,UG/M3,1 Hr,Valid
Banja Luka,PM2.5 - Principal,2023-12-21 09:00 PM,2023,12,21,21,260.8,311,Hazardous,263.2,UG/M3,1 Hr,Valid
Banja Luka,PM2.5 - Principal,2023-12-21 10:00 PM,2023,12,21,22,136.9,193,Unhealthy,13.0,UG/M3,1 Hr,Valid
Banja Luka,PM2.5 - Principal,2023-12-21 11:00 PM,2023,12,21,23,73.9,161,Unhealthy,10.9,UG/M3,1 Hr,Valid
Banja Luka,PM2.5 - Principal,2023-12-22 12:00 AM,2023,12,22,00,41.7,116,Unhealthy for Sensitive Groups,9.6,UG/M3,1 Hr,Valid
Banja Luka,PM2.5 - Principal,2023-12-22 01:00 AM,2023,12,22,01,26.1,80,Moderate,10.4,UG/M3,1 Hr,Valid
Banja Luka,PM2.5 - Principal,2023-12-22 02:00 AM,2023,12,22,02,17.2,62,Moderate,8.3,UG/M3,1 Hr,Valid
Banja Luka,PM2.5 - Principal,2023-12-22 03:00 AM,2023,12,22,03,12.3,51,Moderate,7.5,UG/M3,1 Hr,Valid
Banja Luka,PM2.5 - Principal,2023-12-22 04:00 AM,2023,12,22,04,10.0,42,Good,7.7,UG/M3,1 Hr,Valid
Banja Luka,PM2.5 - Principal,2023-12-22 05:00 AM,2023,12,22,05,13.6,54,Moderate,17.2,UG/M3,1 Hr,Valid
Banja Luka,PM2.5 - Principal,2023-12-22 06:00 AM,2023,12,22,06,16.8,61,Moderate,20.2,UG/M3,1 Hr,Valid
Banja Luka,PM2.5 - Principal,2023-12-22 07:00 AM,2023,12,22,07,26.8,82,Moderate,36.9,UG/M3,1 Hr,Valid
Banja Luka,PM2.5 - Principal,2023-12-22 08:00 AM,2023,12,22,08,42.0,117,Unhealthy for Sensitive Groups,57.2,UG/M3,1 Hr,Valid
Banja Luka,PM2.5 - Principal,2023-12-22 09:00 AM,2023,12,22,09,34.5,98,Moderate,27.1,UG/M3,1 Hr,Valid
Banja Luka,PM2.5 - Principal,2023-12-22 10:00 AM,2023,12,22,10,33.4,96,Moderate,32.2,UG/M3,1 Hr,Valid
Banja Luka,PM2.5 - Principal,2023-12-22 11:00 AM,2023,12,22,11,42.0,117,Unhealthy for Sensitive Groups,50.5,UG/M3,1 Hr,Valid
Banja Luka,PM2.5 - Principal,2023-12-22 12:00 PM,2023,12,22,12,46.8,129,Unhealthy for Sensitive Groups,51.6,UG/M3,1 Hr,Valid
Banja Luka,PM2.5 - Principal,2023-12-22 01:00 PM,2023,12,22,13,26.4,81,Moderate,6.1,UG/M3,1 Hr,Valid
Banja Luka,PM2.5 - Principal,2023-12-22 02:00 PM,2023,12,22,14,19.2,66,Moderate,11.9,UG/M3,1 Hr,Valid
Banja Luka,PM2.5 - Principal,2023-12-22 03:00 PM,2023,12,22,15,19.8,67,Moderate,20.4,UG/M3,1 Hr,Valid
Banja Luka,PM2.5 - Principal,2023-12-22 04:00 PM,2023,12,22,16,21.1,70,Moderate,22.5,UG/M3,1 Hr,Valid
Banja Luka,PM2.5 - Principal,2023-12-22 05:00 PM,2023,12,22,17,21.0,70,Moderate,20.9,UG/M3,1 Hr,Valid
Banja Luka,PM2.5 - Principal,2023-12-22 06:00 PM,2023,12,22,18,25.1,78,Moderate,29.2,UG/M3,1 Hr,Valid
Banja Luka,PM2.5 - Principal,2023-12-22 07:00 PM,2023,12,22,19,20.1,68,Moderate,15.1,UG/M3,1 Hr,Valid
Banja Luka,PM2.5 - Principal,2023-12-22 08:00 PM,2023,12,22,20,27.7,84,Moderate,35.3,UG/M3,1 Hr,Valid
Banja Luka,PM2.5 - Principal,2023-12-22 09:00 PM,2023,12,22,21,88.9,168,Unhealthy,150.1,UG/M3,1 Hr,Valid
Banja Luka,PM2.5 - Principal,2023-12-22 10:00 PM,2023,12,22,22,113.0,181,Unhealthy,137.0,UG/M3,1 Hr,Valid
Banja Luka,PM2.5 - Principal,2023-12-22 11:00 PM,2023,12,22,23,143.4,196,Unhealthy,173.7,UG/M3,1 Hr,Valid
Banja Luka,PM2.5 - Principal,2023-12-23 12:00 AM,2023,12,23,00,139.1,194,Unhealthy,134.8,UG/M3,1 Hr,Valid
Banja Luka,PM2.5 - Principal,2023-12-23 01:00 AM,2023,12,23,01,138.3,194,Unhealthy,137.4,UG/M3,1 Hr,Valid
Banja Luka,PM2.5 - Principal,2023-12-23 02:00 AM,2023,12,23,02,153.7,204,Very Unhealthy,169.1,UG/M3,1 Hr,Valid
Banja Luka,PM2.5 - Principal,2023-12-23 03:00 AM,2023,12,23,03,162.9,213,Very Unhealthy,172.0,UG/M3,1 Hr,Valid
Banja Luka,PM2.5 - Principal,2023-12-23 04:00 AM,2023,12,23,04,150.9,201,Very Unhealthy,139.0,UG/M3,1 Hr,Valid
Banja Luka,PM2.5 - Principal,2023-12-23 05:00 AM,2023,12,23,05,147.0,198,Unhealthy,143.0,UG/M3,1 Hr,Valid
Banja Luka,PM2.5 - Principal,2023-12-23 06:00 AM,2023,12,23,06,130.1,190,Unhealthy,113.3,UG/M3,1 Hr,Valid
Banja Luka,PM2.5 - Principal,2023-12-23 07:00 AM,2023,12,23,07,107.1,178,Unhealthy,84.1,UG/M3,1 Hr,Valid
Banja Luka,PM2.5 - Principal,2023-12-23 08:00 AM,2023,12,23,08,76.3,162,Unhealthy,45.6,UG/M3,1 Hr,Valid
Banja Luka,PM2.5 - Principal,2023-12-23 09:00 AM,2023,12,23,09,101.5,175,Unhealthy,126.6,UG/M3,1 Hr,Valid
Banja Luka,PM2.5 - Principal,2023-12-23 10:00 AM,2023,12,23,10,70.0,158,Unhealthy,38.5,UG/M3,1 Hr,Valid
Banja Luka,PM2.5 - Principal,2023-12-23 11:00 AM,2023,12,23,11,59.8,153,Unhealthy,49.7,UG/M3,1 Hr,Valid
Banja Luka,PM2.5 - Principal,2023-12-23 12:00 PM,2023,12,23,12,49.1,134,Unhealthy for Sensitive Groups,38.3,UG/M3,1 Hr,Valid
Banja Luka,PM2.5 - Principal,2023-12-23 01:00 PM,2023,12,23,13,33.6,96,Moderate,18.2,UG/M3,1 Hr,Valid
Banja Luka,PM2.5 - Principal,2023-12-23 02:00 PM,2023,12,23,14,24.1,76,Moderate,14.6,UG/M3,1 Hr,Valid
Banja Luka,PM2.5 - Principal,2023-12-23 03:00 PM,2023,12,23,15,22.9,74,Moderate,21.8,UG/M3,1 Hr,Valid
Banja Luka,PM2.5 - Principal,2023-12-23 04:00 PM,2023,12,23,16,25.2,79,Moderate,27.5,UG/M3,1 Hr,Valid
Banja Luka,PM2.5 - Principal,2023-12-23 05:00 PM,2023,12,23,17,52.6,143,Unhealthy for Sensitive Groups,80.0,UG/M3,1 Hr,Valid
Banja Luka,PM2.5 - Principal,2023-12-23 06:00 PM,2023,12,23,18,127.6,188,Unhealthy,202.6,UG/M3,1 Hr,Valid
Banja Luka,PM2.5 - Principal,2023-12-23 07:00 PM,2023,12,23,19,157.8,208,Very Unhealthy,188.0,UG/M3,1 Hr,Valid
Banja Luka,PM2.5 - Principal,2023-12-23 08:00 PM,2023,12,23,20,170.5,221,Very Unhealthy,183.3,UG/M3,1 Hr,Valid
Banja Luka,PM2.5 - Principal,2023-12-23 09:00 PM,2023,12,23,21,196.7,247,Very Unhealthy,222.8,UG/M3,1 Hr,Valid
Banja Luka,PM2.5 - Principal,2023-12-23 10:00 PM,2023,12,23,22,228.2,278,Very Unhealthy,259.7,UG/M3,1 Hr,Suspect
Banja Luka,PM2.5 - Principal,2023-12-23 11:00 PM,2023,12,23,23,280.3,331,Hazardous,332.3,UG/M3,1 Hr,Suspect
Banja Luka,PM2.5 - Principal,2023-12-24 12:00 AM,2023,12,24,00,311.7,362,Hazardous,342.9,UG/M3,1 Hr,Suspect
Banja Luka,PM2.5 - Principal,2023-12-24 01:00 AM,2023,12,24,01,335.8,386,Hazardous,359.9,UG/M3,1 Hr,Suspect
Banja Luka,PM2.5 - Principal,2023-12-24 02:00 AM,2023,12,24,02,311.2,361,Hazardous,286.6,UG/M3,1 Hr,Suspect
Banja Luka,PM2.5 - Principal,2023-12-24 03:00 AM,2023,12,24,03,285.2,335,Hazardous,259.1,UG/M3,1 Hr,Suspect
Banja Luka,PM2.5 - Principal,2023-12-24 04:00 AM,2023,12,24,04,249.6,299,Very Unhealthy,213.9,UG/M3,1 Hr,Valid
Banja Luka,PM2.5 - Principal,2023-12-24 05:00 AM,2023,12,24,05,219.9,270,Very Unhealthy,188.1,UG/M3,1 Hr,Valid
Banja Luka,PM2.5 - Principal,2023-12-24 06:00 AM,2023,12,24,06,185.0,235,Very Unhealthy,151.2,UG/M3,1 Hr,Valid
Banja Luka,PM2.5 - Principal,2023-12-24 07:00 AM,2023,12,24,07,133.5,191,Unhealthy,82.1,UG/M3,1 Hr,Valid
Banja Luka,PM2.5 - Principal,2023-12-24 08:00 AM,2023,12,24,08,114.8,182,Unhealthy,96.0,UG/M3,1 Hr,Valid
Banja Luka,PM2.5 - Principal,2023-12-24 09:00 AM,2023,12,24,09,141.7,196,Unhealthy,168.7,UG/M3,1 Hr,Valid
Banja Luka,PM2.5 - Principal,2023-12-24 10:00 AM,2023,12,24,10,131.4,190,Unhealthy,121.1,UG/M3,1 Hr,Valid
Banja Luka,PM2.5 - Principal,2023-12-24 11:00 AM,2023,12,24,11,126.2,188,Unhealthy,121.1,UG/M3,1 Hr,Valid
Banja Luka,PM2.5 - Principal,2023-12-24 12:00 PM,2023,12,24,12,123.4,186,Unhealthy,120.6,UG/M3,1 Hr,Valid
Banja Luka,PM2.5 - Principal,2023-12-24 01:00 PM,2023,12,24,13,108.4,178,Unhealthy,93.4,UG/M3,1 Hr,Valid
Banja Luka,PM2.5 - Principal,2023-12-24 02:00 PM,2023,12,24,14,106.7,177,Unhealthy,105.1,UG/M3,1 Hr,Valid
Banja Luka,PM2.5 - Principal,2023-12-24 03:00 PM,2023,12,24,15,106.3,177,Unhealthy,105.8,UG/M3,1 Hr,Valid
Banja Luka,PM2.5 - Principal,2023-12-24 04:00 PM,2023,12,24,16,107.5,178,Unhealthy,108.8,UG/M3,1 Hr,Valid
Banja Luka,PM2.5 - Principal,2023-12-24 05:00 PM,2023,12,24,17,104.7,176,Unhealthy,101.9,UG/M3,1 Hr,Valid
Banja Luka,PM2.5 - Principal,2023-12-24 06:00 PM,2023,12,24,18,120.2,184,Unhealthy,135.8,UG/M3,1 Hr,Valid
Banja Luka,PM2.5 - Principal,2023-12-24 07:00 PM,2023,12,24,19,126.8,188,Unhealthy,136.7,UG/M3,1 Hr,Valid
Banja Luka,PM2.5 - Principal,2023-12-24 08:00 PM,2023,12,24,20,73.6,160,Unhealthy,18.7,UG/M3,1 Hr,Valid
Banja Luka,PM2.5 - Principal,2023-12-24 09:00 PM,2023,12,24,21,43.1,120,Unhealthy for Sensitive Groups,12.6,UG/M3,1 Hr,Valid
Banja Luka,PM2.5 - Principal,2023-12-24 10:00 PM,2023,12,24,22,27.2,83,Moderate,11.4,UG/M3,1 Hr,Valid
Banja Luka,PM2.5 - Principal,2023-12-24 11:00 PM,2023,12,24,23,18.4,64,Moderate,9.6,UG/M3,1 Hr,Valid
Banja Luka,PM2.5 - Principal,2023-12-25 12:00 AM,2023,12,25,00,13.8,55,Moderate,9.3,UG/M3,1 Hr,Valid
Banja Luka,PM2.5 - Principal,2023-12-25 01:00 AM,2023,12,25,01,10.9,45,Good,7.9,UG/M3,1 Hr,Valid
Banja Luka,PM2.5 - Principal,2023-12-25 02:00 AM,2023,12,25,02,15.7,59,Moderate,20.6,UG/M3,1 Hr,Valid
Banja Luka,PM2.5 - Principal,2023-12-25 03:00 AM,2023,12,25,03,19.9,67,Moderate,24.1,UG/M3,1 Hr,Valid
Banja Luka,PM2.5 - Principal,2023-12-25 04:00 AM,2023,12,25,04,14.8,57,Moderate,9.7,UG/M3,1 Hr,Valid
Banja Luka,PM2.5 - Principal,2023-12-25 05:00 AM,2023,12,25,05,10.7,45,Good,6.6,UG/M3,1 Hr,Valid
Banja Luka,PM2.5 - Principal,2023-12-25 06:00 AM,2023,12,25,06,13.5,54,Moderate,16.4,UG/M3,1 Hr,Valid
Banja Luka,PM2.5 - Principal,2023-12-25 07:00 AM,2023,12,25,07,16.8,61,Moderate,20.2,UG/M3,1 Hr,Valid
Banja Luka,PM2.5 - Principal,2023-12-25 08:00 AM,2023,12,25,08,31.8,92,Moderate,46.9,UG/M3,1 Hr,Valid
Banja Luka,PM2.5 - Principal,2023-12-25 09:00 AM,2023,12,25,09,52.2,142,Unhealthy for Sensitive Groups,72.6,UG/M3,1 Hr,Valid
Banja Luka,PM2.5 - Principal,2023-12-25 10:00 AM,2023,12,25,10,68.2,158,Unhealthy,84.1,UG/M3,1 Hr,Valid
Banja Luka,PM2.5 - Principal,2023-12-25 11:00 AM,2023,12,25,11,71.0,159,Unhealthy,73.7,UG/M3,1 Hr,Valid
Banja Luka,PM2.5 - Principal,2023-12-25 12:00 PM,2023,12,25,12,80.0,164,Unhealthy,89.0,UG/M3,1 Hr,Valid
Banja Luka,PM2.5 - Principal,2023-12-25 01:00 PM,2023,12,25,13,43.6,121,Unhealthy for Sensitive Groups,7.3,UG/M3,1 Hr,Valid
Banja Luka,PM2.5 - Principal,2023-12-25 02:00 PM,2023,12,25,14,28.0,84,Moderate,12.4,UG/M3,1 Hr,Valid
Banja Luka,PM2.5 - Principal,2023-12-25 03:00 PM,2023,12,25,15,20.5,69,Moderate,13.0,UG/M3,1 Hr,Valid
Banja Luka,PM2.5 - Principal,2023-12-25 04:00 PM,2023,12,25,16,20.2,68,Moderate,19.8,UG/M3,1 Hr,Valid
Banja Luka,PM2.5 - Principal,2023-12-25 05:00 PM,2023,12,25,17,27.8,84,Moderate,35.3,UG/M3,1 Hr,Valid
Banja Luka,PM2.5 - Principal,2023-12-25 06:00 PM,2023,12,25,18,99.4,174,Unhealthy,170.9,UG/M3,1 Hr,Valid
Banja Luka,PM2.5 - Principal,2023-12-25 07:00 PM,2023,12,25,19,122.4,186,Unhealthy,145.4,UG/M3,1 Hr,Valid
Banja Luka,PM2.5 - Principal,2023-12-25 08:00 PM,2023,12,25,20,161.5,212,Very Unhealthy,200.6,UG/M3,1 Hr,Valid
Banja Luka,PM2.5 - Principal,2023-12-25 09:00 PM,2023,12,25,21,182.8,233,Very Unhealthy,204.1,UG/M3,1 Hr,Valid
Banja Luka,PM2.5 - Principal,2023-12-25 10:00 PM,2023,12,25,22,185.9,236,Very Unhealthy,189.0,UG/M3,1 Hr,Valid
Banja Luka,PM2.5 - Principal,2023-12-25 11:00 PM,2023,12,25,23,138.8,194,Unhealthy,91.7,UG/M3,1 Hr,Valid
Banja Luka,PM2.5 - Principal,2023-12-26 12:00 AM,2023,12,26,00,145.2,197,Unhealthy,151.7,UG/M3,1 Hr,Valid
